Metric,Before,After
Answer Relevancy Score,0.9074513543176818,0.8993786159402407
Faithfulness Score,0.5519464285714286,0.6586307387787652
Context Precision Score,0.25925,0.21395833333333333
Context Recall Score,0.7475,0.77
Generator Metrics Average,0.7296988914445552,0.779004677359503
Retriever Metrics Average,0.503375,0.4919791666666667
Overall RAGAS Index,0.6165369457222776,0.6354919220130848
