Metric,Before (Baseline),After (Optimized),Absolute Improvement,Percentage Improvement (%)
Answer Relevancy Score,0.9074513543176818,0.8993786159402407,-0.008072738377441047,-0.889605634399101
Faithfulness Score,0.5519464285714286,0.6586307387787652,0.1066843102073366,19.328743639751686
Context Precision Score,0.25925,0.2139583333333333,-0.045291666666666675,-17.470266795242694
Context Recall Score,0.7475,0.77,0.022499999999999964,3.0100334448160484
Generator Metrics Average,0.7296988914445552,0.779004677359503,0.04930578591494772,6.757004360708163
Retriever Metrics Average,0.503375,0.4919791666666667,-0.011395833333333327,-2.263885439947023
Overall RAGAS Index,0.6165369457222776,0.6354919220130848,0.018954976290807224,3.074426670181351
